student_a,student_b,overall_score,reason
STU-002,STU-144,1.0,"similar study habits, same university, similar cleanliness standards"
STU-002,STU-004,0.978,"similar study habits, same university, same food preferences"
STU-002,STU-037,0.978,"similar study habits, same university, similar cleanliness standards"
STU-002,STU-091,0.977,"same university, similar study habits, same sleep schedule"
STU-002,STU-101,0.943,"similar study habits, similar cleanliness standards, share a common language"
STU-004,STU-011,0.971,"same university, similar study habits, similar cleanliness standards"
STU-004,STU-037,0.954,"similar study habits, same university, similar cleanliness standards"
STU-004,STU-008,0.92,"same university, similar study habits, same food preferences"
STU-004,STU-144,0.904,"similar study habits, same university, similar cleanliness standards"
STU-004,STU-021,0.897,"same university, similar study habits, same sleep schedule"
STU-006,STU-123,1.0,"similar study habits, same food preferences, similar cleanliness standards"
STU-006,STU-191,1.0,"similar study habits, similar cleanliness standards, same cultural background"
STU-006,STU-081,0.949,"similar study habits, same food preferences, similar cleanliness standards"
STU-006,STU-128,0.931,"similar study habits, compatible noise levels, same sleep schedule"
STU-006,STU-075,0.922,"same food preferences, similar cleanliness standards, share a common language"
STU-007,STU-123,0.942,"similar study habits, same university, same food preferences"
STU-007,STU-141,0.941,"similar study habits, same university, same food preferences"
STU-007,STU-041,0.938,"similar study habits, same food preferences, share a common language"
STU-007,STU-081,0.936,"similar study habits, same university, same food preferences"
STU-007,STU-065,0.935,"same university, similar study habits, similar cleanliness standards"
STU-008,STU-021,1.0,"similar study habits, same university, same food preferences"
STU-008,STU-078,0.948,"similar study habits, same university, same food preferences"
STU-008,STU-195,0.947,"similar study habits, compatible noise levels, same sleep schedule"
STU-008,STU-114,0.932,"same university, similar study habits, same sleep schedule"
STU-008,STU-147,0.906,"same university, similar study habits, share a common language"
STU-011,STU-144,0.928,"similar study habits, same university, similar cleanliness standards"
STU-011,STU-114,0.924,"similar study habits, same university, same food preferences"
STU-011,STU-037,0.9,"similar study habits, same university, same food preferences"
STU-011,STU-091,0.884,"same university, similar study habits, share a common language"
STU-011,STU-034,0.88,"same university, similar study habits, same cultural background"
STU-013,STU-014,0.993,"same university, similar study habits, same cultural background"
STU-013,STU-111,0.954,"same university, similar study habits, same sleep schedule"
STU-013,STU-129,0.948,"same university, similar study habits, share a common language"
STU-013,STU-083,0.946,"similar study habits, same university, same food preferences"
STU-013,STU-172,0.924,"same university, similar study habits, share a common language"
STU-014,STU-129,1.0,"similar study habits, same university, same food preferences"
STU-014,STU-172,1.0,"similar study habits, same university, same food preferences"
STU-014,STU-169,0.962,"similar study habits, same university, same food preferences"
STU-014,STU-017,0.96,"similar study habits, same sleep schedule, same food preferences"
STU-014,STU-111,0.953,"same university, similar study habits, similar cleanliness standards"
STU-015,STU-034,1.0,"similar study habits, same university, same food preferences"
STU-015,STU-130,0.988,"same university, similar study habits, same sleep schedule"
STU-015,STU-108,0.972,"similar study habits, same university, same food preferences"
STU-015,STU-086,0.95,"similar study habits, same university, same food preferences"
STU-015,STU-193,0.946,"similar study habits, same university, same food preferences"
STU-017,STU-104,0.958,"similar study habits, share a common language, same sleep schedule"
STU-017,STU-169,0.954,"similar study habits, same food preferences, similar cleanliness standards"
STU-017,STU-184,0.95,"similar study habits, same sleep schedule, same food preferences"
STU-017,STU-032,0.947,"similar study habits, same university, same food preferences"
STU-017,STU-035,0.922,"similar study habits, same food preferences, similar cleanliness standards"
STU-021,STU-078,0.946,"same university, similar study habits, same sleep schedule"
STU-021,STU-147,0.913,"same university, compatible noise levels, same sleep schedule"
STU-021,STU-148,0.911,"same university, same food preferences, share a common language"
STU-021,STU-114,0.905,"same university, similar study habits, same sleep schedule"
STU-021,STU-091,0.9,"same university, similar study habits, same sleep schedule"
STU-022,STU-116,0.992,"similar study habits, same university, similar cleanliness standards"
STU-022,STU-186,0.96,"similar study habits, same food preferences, share a common language"
STU-022,STU-163,0.945,"similar study habits, same food preferences, similar cleanliness standards"
STU-022,STU-148,0.916,"similar study habits, same food preferences, similar cleanliness standards"
STU-022,STU-078,0.906,"similar study habits, same food preferences, similar cleanliness standards"
STU-024,STU-049,0.973,"similar study habits, same university, same food preferences"
STU-024,STU-140,0.938,"same university, same food preferences, share a common language"
STU-024,STU-036,0.937,"similar cleanliness standards, similar study habits, same sleep schedule"
STU-024,STU-141,0.936,"same university, similar study habits, share a common language"
STU-024,STU-128,0.928,"same university, similar study habits, same sleep schedule"
STU-026,STU-187,0.998,"similar study habits, same university, same sleep schedule"
STU-026,STU-171,0.979,"similar study habits, same university, same food preferences"
STU-026,STU-174,0.963,"similar study habits, same university, same sleep schedule"
STU-026,STU-031,0.956,"similar study habits, same university, same food preferences"
STU-026,STU-100,0.939,"similar study habits, compatible noise levels, same sleep schedule"
STU-027,STU-128,1.0,"similar study habits, same university, same food preferences"
STU-027,STU-073,0.98,"same university, similar study habits, same cultural background"
STU-027,STU-081,0.972,"same university, similar study habits, same cultural background"
STU-027,STU-167,0.955,"same university, similar study habits, share a common language"
STU-027,STU-040,0.944,"similar study habits, similar cleanliness standards, share a common language"
STU-031,STU-140,0.979,"same university, similar study habits, share a common language"
STU-031,STU-181,0.965,"same university, similar study habits, same cultural background"
STU-031,STU-171,0.963,"similar study habits, same university, same food preferences"
STU-031,STU-049,0.961,"similar study habits, same university, similar cleanliness standards"
STU-031,STU-174,0.943,"same university, similar study habits, same food preferences"
STU-032,STU-035,1.0,"similar study habits, same food preferences, similar cleanliness standards"
STU-032,STU-064,0.972,"same university, similar study habits, same sleep schedule"
STU-032,STU-063,0.928,"similar study habits, same food preferences, share a common language"
STU-032,STU-048,0.906,"similar study habits, same food preferences, similar cleanliness standards"
STU-032,STU-169,0.895,"similar study habits, same food preferences, similar cleanliness standards"
STU-034,STU-130,0.961,"similar study habits, same university, same sleep schedule"
STU-034,STU-078,0.946,"similar study habits, same university, similar cleanliness standards"
STU-034,STU-044,0.934,"same sleep schedule, same food preferences, similar cleanliness standards"
STU-034,STU-114,0.931,"similar study habits, same university, similar cleanliness standards"
STU-034,STU-108,0.924,"similar study habits, same university, same food preferences"
STU-035,STU-063,1.0,"similar study habits, same university, same food preferences"
STU-035,STU-048,0.981,"similar study habits, same university, same food preferences"
STU-035,STU-169,0.97,"similar study habits, same university, same food preferences"
STU-035,STU-064,0.947,"similar study habits, same sleep schedule, same cultural background"
STU-035,STU-187,0.938,"same university, similar study habits, same sleep schedule"
STU-036,STU-089,0.925,"similar study habits, same university, same sleep schedule"
STU-036,STU-049,0.904,"similar study habits, similar cleanliness standards, same cultural background"
STU-036,STU-136,0.884,"similar study habits, same food preferences, share a common language"
STU-036,STU-077,0.882,"same cultural background, similar study habits, same sleep schedule"
STU-036,STU-062,0.88,"same university, similar study habits, share a common language"
STU-037,STU-060,1.0,"similar study habits, same university, similar cleanliness standards"
STU-037,STU-069,1.0,"similar study habits, same university, similar cleanliness standards"
STU-037,STU-144,1.0,"similar study habits, same university, similar cleanliness standards"
STU-037,STU-086,0.978,"same university, similar study habits, same sleep schedule"
STU-037,STU-130,0.967,"same university, similar study habits, share a common language"
STU-038,STU-100,0.98,"similar study habits, same university, similar cleanliness standards"
STU-038,STU-171,0.948,"similar study habits, same food preferences, share a common language"
STU-038,STU-174,0.948,"similar study habits, same food preferences, share a common language"
STU-038,STU-152,0.947,"similar study habits, same university, same food preferences"
STU-038,STU-140,0.903,"similar study habits, same sleep schedule, share a common language"
STU-039,STU-110,1.0,"similar study habits, same university, same food preferences"
STU-039,STU-187,0.956,"same university, similar study habits, same food preferences"
STU-039,STU-182,0.926,"similar study habits, same university, same food preferences"
STU-039,STU-088,0.913,"similar cleanliness standards, same university, same sleep schedule"
STU-039,STU-083,0.903,"similar cleanliness standards, same university, compatible noise levels"
STU-040,STU-073,0.931,"similar study habits, same food preferences, share a common language"
STU-040,STU-128,0.923,"similar study habits, similar cleanliness standards, share a common language"
STU-040,STU-061,0.921,"similar study habits, same food preferences, share a common language"
STU-040,STU-062,0.913,"same university, similar study habits, same sleep schedule"
STU-040,STU-093,0.913,"similar study habits, same sleep schedule, same food preferences"
STU-041,STU-093,0.968,"similar study habits, same university, same food preferences"
STU-041,STU-128,0.934,"similar cleanliness standards, similar study habits, same sleep schedule"
STU-041,STU-141,0.929,"similar study habits, share a common language, same sleep schedule"
STU-041,STU-077,0.919,"similar study habits, similar cleanliness standards, share a common language"
STU-041,STU-123,0.917,"similar study habits, same food preferences, share a common language"
STU-043,STU-174,0.981,"similar study habits, same university, same sleep schedule"
STU-043,STU-062,0.978,"similar study habits, same food preferences, similar cleanliness standards"
STU-043,STU-081,0.974,"similar study habits, same university, same sleep schedule"
STU-043,STU-093,0.967,"similar study habits, same food preferences, share a common language"
STU-043,STU-141,0.952,"similar study habits, same university, same food preferences"
STU-044,STU-116,0.972,"similar study habits, same university, similar cleanliness standards"
STU-044,STU-190,0.921,"similar study habits, same food preferences, similar cleanliness standards"
STU-044,STU-193,0.897,"similar study habits, same food preferences, similar cleanliness standards"
STU-044,STU-165,0.892,"similar study habits, compatible noise levels, same sleep schedule"
STU-044,STU-130,0.889,"same cultural background, similar study habits, same sleep schedule"
STU-045,STU-173,0.975,"similar study habits, same university, similar cleanliness standards"
STU-045,STU-073,0.93,"similar study habits, same university, same food preferences"
STU-045,STU-061,0.915,"similar study habits, same university, same food preferences"
STU-045,STU-198,0.915,"similar study habits, same sleep schedule, same food preferences"
STU-045,STU-056,0.89,"similar study habits, same sleep schedule, share a common language"
STU-046,STU-088,0.956,"similar study habits, same food preferences, share a common language"
STU-046,STU-140,0.933,"similar study habits, compatible noise levels, same sleep schedule"
STU-046,STU-093,0.919,"similar study habits, same university, similar cleanliness standards"
STU-046,STU-126,0.915,"similar study habits, share a common language, same sleep schedule"
STU-046,STU-152,0.908,"similar study habits, compatible noise levels, same sleep schedule"
STU-048,STU-178,0.994,"same university, similar study habits, same sleep schedule"
STU-048,STU-063,0.986,"similar study habits, same university, same sleep schedule"
STU-048,STU-070,0.962,"similar study habits, compatible noise levels, same sleep schedule"
STU-048,STU-169,0.946,"similar study habits, same university, same food preferences"
STU-048,STU-129,0.921,"same university, similar study habits, same food preferences"
STU-049,STU-140,0.967,"similar study habits, same university, same food preferences"
STU-049,STU-152,0.941,"similar study habits, compatible noise levels, same sleep schedule"
STU-049,STU-126,0.924,"same university, similar study habits, same sleep schedule"
STU-049,STU-178,0.912,"same university, similar study habits, same food preferences"
STU-049,STU-171,0.91,"same university, similar study habits, similar cleanliness standards"
STU-052,STU-089,1.0,"similar study habits, same food preferences, similar cleanliness standards"
STU-052,STU-173,1.0,"similar study habits, same university, similar cleanliness standards"
STU-052,STU-061,0.98,"similar study habits, same university, similar cleanliness standards"
STU-052,STU-136,0.952,"same university, similar study habits, same sleep schedule"
STU-052,STU-128,0.907,"same university, similar study habits, same sleep schedule"
STU-055,STU-175,0.954,"similar study habits, same sleep schedule, same food preferences"
STU-055,STU-195,0.9,"similar study habits, compatible noise levels, same sleep schedule"
STU-055,STU-144,0.883,"similar study habits, same food preferences, similar cleanliness standards"
STU-055,STU-127,0.871,"similar cleanliness standards, similar study habits, same sleep schedule"
STU-055,STU-086,0.86,"similar study habits, share a common language, same sleep schedule"
STU-056,STU-191,0.903,"similar study habits, same food preferences, share a common language"
STU-056,STU-093,0.899,"same university, similar study habits, share a common language"
STU-056,STU-123,0.894,"similar study habits, compatible noise levels, same sleep schedule"
STU-056,STU-173,0.89,"similar study habits, share a common language, same sleep schedule"
STU-056,STU-198,0.866,"similar study habits, compatible noise levels, same sleep schedule"
STU-060,STU-069,1.0,"similar study habits, same university, same food preferences"
STU-060,STU-108,1.0,"same university, similar study habits, same sleep schedule"
STU-060,STU-130,1.0,"similar study habits, same university, same food preferences"
STU-060,STU-086,0.993,"same university, similar study habits, same food preferences"
STU-060,STU-144,0.971,"similar study habits, same university, same food preferences"
STU-061,STU-073,1.0,"similar study habits, same university, same food preferences"
STU-061,STU-173,0.986,"similar study habits, same university, similar cleanliness standards"
STU-061,STU-128,0.949,"same university, similar study habits, same sleep schedule"
STU-061,STU-136,0.932,"same university, similar study habits, same sleep schedule"
STU-061,STU-081,0.902,"same university, similar study habits, same food preferences"
STU-062,STU-093,0.969,"similar study habits, same sleep schedule, same food preferences"
STU-062,STU-141,0.944,"similar study habits, same food preferences, similar cleanliness standards"
STU-062,STU-123,0.919,"similar study habits, same food preferences, similar cleanliness standards"
STU-062,STU-191,0.912,"same university, similar study habits, similar cleanliness standards"
STU-062,STU-081,0.883,"similar study habits, same food preferences, similar cleanliness standards"
STU-063,STU-064,0.954,"similar study habits, similar cleanliness standards, share a common language"
STU-063,STU-169,0.944,"same university, similar study habits, same food preferences"
STU-063,STU-104,0.927,"similar study habits, same food preferences, similar cleanliness standards"
STU-063,STU-178,0.922,"same university, similar study habits, same cultural background"
STU-063,STU-174,0.919,"similar study habits, same university, same food preferences"
STU-064,STU-100,0.908,"similar study habits, same sleep schedule, same food preferences"
STU-064,STU-158,0.891,"similar study habits, compatible noise levels, same cultural background"
STU-064,STU-199,0.889,"similar study habits, same sleep schedule, same food preferences"
STU-064,STU-187,0.881,"similar study habits, same sleep schedule, same cultural background"
STU-064,STU-070,0.879,"similar study habits, same food preferences, share a common language"
STU-065,STU-126,0.961,"same university, same food preferences, similar cleanliness standards"
STU-065,STU-077,0.926,"same university, similar study habits, same food preferences"
STU-065,STU-141,0.911,"similar study habits, same university, similar cleanliness standards"
STU-065,STU-136,0.903,"same university, similar study habits, same food preferences"
STU-065,STU-167,0.866,"similar study habits, same university, same food preferences"
STU-069,STU-130,1.0,"similar study habits, same university, same food preferences"
STU-069,STU-144,1.0,"similar study habits, same university, same food preferences"
STU-069,STU-086,0.983,"same university, similar study habits, same food preferences"
STU-069,STU-108,0.96,"same university, similar study habits, same food preferences"
STU-069,STU-101,0.946,"similar study habits, similar cleanliness standards, share a common language"
STU-070,STU-178,1.0,"similar study habits, same food preferences, similar cleanliness standards"
STU-070,STU-100,0.956,"same university, similar study habits, same food preferences"
STU-070,STU-152,0.927,"similar cleanliness standards, same university, same sleep schedule"
STU-070,STU-199,0.921,"similar study habits, same food preferences, share a common language"
STU-070,STU-187,0.898,"similar cleanliness standards, similar study habits, same sleep schedule"
STU-073,STU-081,0.993,"same university, similar study habits, same sleep schedule"
STU-073,STU-128,0.991,"same university, similar study habits, same sleep schedule"
STU-073,STU-173,0.944,"same university, similar study habits, share a common language"
STU-073,STU-123,0.928,"same university, similar study habits, same sleep schedule"
STU-073,STU-167,0.905,"same university, similar study habits, same sleep schedule"
STU-075,STU-123,0.968,"similar study habits, same university, same food preferences"
STU-075,STU-081,0.962,"similar study habits, same university, same food preferences"
STU-075,STU-174,0.919,"similar study habits, same university, same food preferences"
STU-075,STU-198,0.918,"similar study habits, same food preferences, share a common language"
STU-075,STU-167,0.909,"similar study habits, same university, similar cleanliness standards"
STU-077,STU-128,1.0,"similar study habits, same university, similar cleanliness standards"
STU-077,STU-136,1.0,"similar study habits, same university, same food preferences"
STU-077,STU-167,0.957,"similar study habits, same university, same food preferences"
STU-077,STU-081,0.919,"same university, similar study habits, same cultural background"
STU-077,STU-191,0.916,"similar study habits, compatible noise levels, same sleep schedule"
STU-078,STU-091,0.965,"similar study habits, same university, same sleep schedule"
STU-078,STU-114,0.964,"similar study habits, same university, similar cleanliness standards"
STU-078,STU-148,0.941,"similar study habits, same university, same food preferences"
STU-078,STU-163,0.915,"similar study habits, same sleep schedule, same food preferences"
STU-078,STU-186,0.893,"similar study habits, same sleep schedule, same food preferences"
STU-081,STU-167,0.998,"similar study habits, same university, similar cleanliness standards"
STU-081,STU-123,0.995,"similar study habits, same university, same sleep schedule"
STU-081,STU-128,0.994,"same university, similar study habits, same cultural background"
STU-081,STU-141,0.938,"similar study habits, same university, same food preferences"
STU-081,STU-174,0.921,"same university, same sleep schedule, same food preferences"
STU-083,STU-088,0.945,"same university, similar cleanliness standards, similar study habits"
STU-083,STU-192,0.918,"same university, similar study habits, share a common language"
STU-083,STU-111,0.907,"same university, similar study habits, same sleep schedule"
STU-083,STU-190,0.906,"same university, similar study habits, similar cleanliness standards"
STU-083,STU-126,0.901,"same university, similar study habits, similar cleanliness standards"
STU-086,STU-108,1.0,"similar study habits, same university, same food preferences"
STU-086,STU-130,1.0,"same university, similar study habits, same food preferences"
STU-086,STU-091,0.968,"similar study habits, same university, similar cleanliness standards"
STU-086,STU-147,0.967,"same university, similar study habits, similar cleanliness standards"
STU-086,STU-144,0.938,"same university, similar study habits, same sleep schedule"
STU-088,STU-126,0.955,"similar study habits, same university, same food preferences"
STU-088,STU-174,0.935,"similar study habits, same university, similar cleanliness standards"
STU-088,STU-178,0.932,"same university, similar study habits, same sleep schedule"
STU-088,STU-181,0.926,"same university, similar study habits, same food preferences"
STU-088,STU-190,0.921,"same university, similar study habits, same food preferences"
STU-089,STU-173,0.936,"similar study habits, similar cleanliness standards, share a common language"
STU-089,STU-136,0.902,"similar study habits, share a common language, same sleep schedule"
STU-089,STU-128,0.875,"similar study habits, same sleep schedule, same cultural background"
STU-089,STU-191,0.819,"same university, similar study habits, same sleep schedule"
STU-089,STU-167,0.811,"similar study habits, share a common language, same sleep schedule"
STU-091,STU-148,0.95,"same university, similar study habits, same food preferences"
STU-091,STU-165,0.946,"similar study habits, same university, similar cleanliness standards"
STU-091,STU-186,0.938,"similar study habits, same sleep schedule, same food preferences"
STU-091,STU-114,0.935,"same university, similar study habits, share a common language"
STU-091,STU-144,0.93,"same university, similar study habits, same sleep schedule"
STU-093,STU-152,0.902,"similar study habits, same food preferences, share a common language"
STU-093,STU-141,0.893,"same cultural background, similar study habits, same sleep schedule"
STU-093,STU-174,0.89,"share a common language, compatible noise levels, same sleep schedule"
STU-093,STU-123,0.874,"similar study habits, same food preferences, share a common language"
STU-093,STU-199,0.868,"same university, similar cleanliness standards, share a common language"
STU-099,STU-199,0.929,"similar study habits, same food preferences, similar cleanliness standards"
STU-099,STU-149,0.928,"similar study habits, compatible noise levels, same sleep schedule"
STU-099,STU-198,0.891,"same university, similar study habits, same sleep schedule"
STU-099,STU-191,0.883,"same cultural background, same university, same sleep schedule"
STU-099,STU-100,0.86,"similar study habits, same sleep schedule, same food preferences"
STU-100,STU-199,0.981,"similar study habits, same sleep schedule, same food preferences"
STU-100,STU-174,0.958,"similar study habits, compatible noise levels, same sleep schedule"
STU-100,STU-178,0.932,"similar study habits, same food preferences, share a common language"
STU-100,STU-158,0.927,"similar study habits, same food preferences, similar cleanliness standards"
STU-100,STU-152,0.891,"same university, similar study habits, share a common language"
STU-101,STU-144,0.953,"similar study habits, similar cleanliness standards, share a common language"
STU-101,STU-127,0.933,"similar study habits, same food preferences, similar cleanliness standards"
STU-101,STU-163,0.902,"same university, similar study habits, share a common language"
STU-101,STU-165,0.898,"similar study habits, same food preferences, share a common language"
STU-101,STU-130,0.886,"similar study habits, compatible noise levels, same sleep schedule"
STU-104,STU-184,0.954,"similar study habits, same food preferences, similar cleanliness standards"
STU-104,STU-158,0.929,"same university, similar study habits, same sleep schedule"
STU-104,STU-186,0.925,"similar study habits, same university, same food preferences"
STU-104,STU-162,0.921,"similar study habits, same university, same food preferences"
STU-104,STU-169,0.911,"similar study habits, share a common language, same sleep schedule"
STU-105,STU-115,0.963,"similar study habits, similar cleanliness standards, same cultural background"
STU-105,STU-169,0.921,"same university, similar study habits, share a common language"
STU-105,STU-165,0.92,"same university, similar study habits, same sleep schedule"
STU-105,STU-175,0.906,"same university, same food preferences, share a common language"
STU-105,STU-172,0.902,"same university, similar study habits, share a common language"
STU-108,STU-130,0.978,"same university, similar study habits, same food preferences"
STU-108,STU-190,0.959,"same university, same sleep schedule, same food preferences"
STU-108,STU-147,0.949,"same university, similar study habits, similar cleanliness standards"
STU-108,STU-186,0.929,"similar study habits, compatible noise levels, same sleep schedule"
STU-108,STU-165,0.925,"similar study habits, same university, similar cleanliness standards"
STU-110,STU-174,0.955,"similar study habits, same university, same food preferences"
STU-110,STU-182,0.954,"similar study habits, same university, same food preferences"
STU-110,STU-187,0.943,"same university, similar study habits, same food preferences"
STU-110,STU-192,0.924,"same university, similar study habits, same food preferences"
STU-110,STU-140,0.868,"same university, compatible noise levels, same sleep schedule"
STU-111,STU-178,0.945,"same university, similar study habits, similar cleanliness standards"
STU-111,STU-190,0.942,"similar study habits, same university, same food preferences"
STU-111,STU-172,0.934,"same university, similar study habits, similar cleanliness standards"
STU-111,STU-129,0.933,"same university, similar study habits, same sleep schedule"
STU-111,STU-149,0.917,"similar study habits, same university, same food preferences"
STU-114,STU-148,0.91,"same university, similar cleanliness standards, share a common language"
STU-114,STU-175,0.901,"same university, similar study habits, same sleep schedule"
STU-114,STU-144,0.899,"same university, similar study habits, same sleep schedule"
STU-114,STU-195,0.887,"similar study habits, same food preferences, share a common language"
STU-114,STU-165,0.866,"same university, same food preferences, share a common language"
STU-115,STU-162,0.954,"similar study habits, same food preferences, similar cleanliness standards"
STU-115,STU-169,0.94,"similar study habits, same food preferences, share a common language"
STU-115,STU-129,0.923,"similar study habits, same food preferences, similar cleanliness standards"
STU-115,STU-172,0.921,"similar study habits, same food preferences, share a common language"
STU-115,STU-184,0.893,"similar study habits, same food preferences, share a common language"
STU-116,STU-190,0.953,"similar study habits, similar cleanliness standards, same cultural background"
STU-116,STU-193,0.916,"similar study habits, similar cleanliness standards, share a common language"
STU-116,STU-165,0.915,"similar study habits, same food preferences, share a common language"
STU-116,STU-186,0.906,"similar study habits, compatible noise levels, same sleep schedule"
STU-116,STU-130,0.878,"similar study habits, compatible noise levels, same sleep schedule"
STU-123,STU-191,0.992,"similar study habits, similar cleanliness standards, same cultural background"
STU-123,STU-141,0.953,"similar study habits, same university, same food preferences"
STU-123,STU-128,0.937,"same university, similar study habits, same sleep schedule"
STU-123,STU-167,0.893,"same university, similar study habits, similar cleanliness standards"
STU-123,STU-174,0.888,"same university, same sleep schedule, same food preferences"
STU-126,STU-167,0.935,"similar study habits, same university, same sleep schedule"
STU-126,STU-181,0.915,"similar study habits, same university, same food preferences"
STU-126,STU-141,0.89,"similar study habits, same university, similar cleanliness standards"
STU-126,STU-140,0.884,"same university, similar study habits, share a common language"
STU-126,STU-136,0.844,"same cultural background, same university, same sleep schedule"
STU-127,STU-130,0.898,"similar study habits, compatible noise levels, same sleep schedule"
STU-127,STU-165,0.895,"similar study habits, same food preferences, share a common language"
STU-127,STU-195,0.892,"same cultural background, similar study habits, same sleep schedule"
STU-127,STU-144,0.873,"similar cleanliness standards, similar study habits, same sleep schedule"
STU-127,STU-180,0.87,"same cultural background, similar study habits, same sleep schedule"
STU-128,STU-167,0.976,"same university, similar study habits, share a common language"
STU-128,STU-136,0.969,"same university, similar study habits, share a common language"
STU-128,STU-191,0.944,"same cultural background, similar study habits, same sleep schedule"
STU-128,STU-173,0.919,"same university, similar study habits, same food preferences"
STU-128,STU-141,0.911,"same university, similar study habits, same sleep schedule"
STU-129,STU-172,0.993,"similar study habits, same university, same food preferences"
STU-129,STU-162,0.948,"similar study habits, same food preferences, similar cleanliness standards"
STU-129,STU-169,0.932,"similar study habits, same university, same food preferences"
STU-129,STU-171,0.931,"same university, similar study habits, same food preferences"
STU-129,STU-178,0.901,"same university, similar study habits, share a common language"
STU-130,STU-144,0.936,"similar study habits, same university, same food preferences"
STU-130,STU-193,0.912,"similar study habits, same university, same food preferences"
STU-130,STU-165,0.897,"same university, similar study habits, share a common language"
STU-130,STU-190,0.89,"same university, share a common language, same sleep schedule"
STU-130,STU-163,0.883,"similar study habits, compatible noise levels, same sleep schedule"
STU-136,STU-167,0.955,"similar study habits, same university, same sleep schedule"
STU-136,STU-173,0.888,"same university, similar study habits, same sleep schedule"
STU-136,STU-149,0.872,"same university, same food preferences, similar cleanliness standards"
STU-136,STU-191,0.867,"similar study habits, compatible noise levels, same sleep schedule"
STU-136,STU-140,0.85,"same university, similar cleanliness standards, share a common language"
STU-140,STU-171,0.974,"same university, similar study habits, same sleep schedule"
STU-140,STU-181,0.964,"similar study habits, same university, similar cleanliness standards"
STU-140,STU-149,0.963,"same university, similar study habits, similar cleanliness standards"
STU-140,STU-178,0.922,"similar study habits, same university, same food preferences"
STU-140,STU-152,0.911,"similar study habits, similar cleanliness standards, share a common language"
STU-141,STU-191,0.877,"similar cleanliness standards, similar study habits, same sleep schedule"
STU-141,STU-167,0.86,"same university, similar study habits, similar cleanliness standards"
STU-141,STU-174,0.833,"same university, same food preferences, similar cleanliness standards"
STU-141,STU-171,0.808,"same cultural background, same university, same sleep schedule"
STU-141,STU-192,0.802,"same university, compatible noise levels, same cultural background"
STU-144,STU-175,0.941,"same university, similar study habits, same food preferences"
STU-144,STU-165,0.888,"same university, share a common language, compatible noise levels"
STU-144,STU-195,0.858,"similar study habits, same sleep schedule, share a common language"
STU-144,STU-193,0.853,"same university, same food preferences, share a common language"
STU-144,STU-163,0.827,"similar study habits, compatible noise levels, same sleep schedule"
STU-147,STU-180,0.99,"similar study habits, same university, same food preferences"
STU-147,STU-175,0.91,"similar study habits, same university, similar cleanliness standards"
STU-147,STU-186,0.9,"similar study habits, same sleep schedule, same cultural background"
STU-147,STU-148,0.898,"same university, similar study habits, share a common language"
STU-147,STU-195,0.896,"similar study habits, same food preferences, similar cleanliness standards"
STU-148,STU-169,0.959,"same university, same sleep schedule, same food preferences"
STU-148,STU-180,0.918,"same university, similar study habits, share a common language"
STU-148,STU-175,0.893,"same university, similar study habits, share a common language"
STU-148,STU-172,0.89,"same university, same sleep schedule, same food preferences"
STU-148,STU-165,0.886,"same university, similar study habits, same sleep schedule"
STU-149,STU-178,0.939,"similar study habits, same university, similar cleanliness standards"
STU-149,STU-171,0.937,"same university, similar study habits, same sleep schedule"
STU-149,STU-167,0.917,"similar study habits, same university, same food preferences"
STU-149,STU-181,0.903,"similar study habits, same university, same food preferences"
STU-149,STU-199,0.884,"similar study habits, compatible noise levels, same sleep schedule"
STU-152,STU-178,0.911,"similar cleanliness standards, similar study habits, same sleep schedule"
STU-152,STU-187,0.908,"same food preferences, similar cleanliness standards, share a common language"
STU-152,STU-171,0.894,"similar study habits, same food preferences, share a common language"
STU-152,STU-198,0.884,"similar study habits, same food preferences, share a common language"
STU-152,STU-174,0.884,"similar study habits, same food preferences, share a common language"
STU-158,STU-192,0.937,"similar cleanliness standards, similar study habits, same sleep schedule"
STU-158,STU-165,0.926,"similar study habits, same food preferences, share a common language"
STU-158,STU-169,0.918,"similar cleanliness standards, similar study habits, same sleep schedule"
STU-158,STU-186,0.91,"same university, similar cleanliness standards, same cultural background"
STU-158,STU-199,0.91,"same university, similar study habits, same food preferences"
STU-162,STU-184,0.934,"similar study habits, same food preferences, share a common language"
STU-162,STU-172,0.906,"similar study habits, same food preferences, share a common language"
STU-162,STU-169,0.901,"similar study habits, same food preferences, share a common language"
STU-162,STU-199,0.896,"same university, similar study habits, compatible noise levels"
STU-162,STU-171,0.837,"similar cleanliness standards, similar study habits, share a common language"
STU-163,STU-186,0.905,"same cultural background, similar study habits, same sleep schedule"
STU-163,STU-195,0.836,"similar study habits, same sleep schedule, share a common language"
STU-163,STU-192,0.814,"share a common language, compatible noise levels, same sleep schedule"
STU-163,STU-184,0.813,"same university, same sleep schedule, same food preferences"
STU-163,STU-187,0.783,"same cultural background, same food preferences"
STU-165,STU-192,0.932,"same university, similar study habits, same sleep schedule"
STU-165,STU-193,0.92,"same university, similar study habits, share a common language"
STU-165,STU-187,0.912,"same university, similar study habits, similar cleanliness standards"
STU-165,STU-169,0.91,"same university, similar study habits, same sleep schedule"
STU-165,STU-172,0.891,"similar cleanliness standards, same university, same sleep schedule"
STU-167,STU-191,0.87,"similar cleanliness standards, similar study habits, same sleep schedule"
STU-167,STU-173,0.869,"same university, similar study habits, same sleep schedule"
STU-167,STU-178,0.826,"same university, share a common language, compatible noise levels"
STU-167,STU-174,0.818,"same university, similar cleanliness standards, share a common language"
STU-167,STU-199,0.806,"share a common language, compatible noise levels, same sleep schedule"
STU-169,STU-172,1.0,"similar study habits, same university, same sleep schedule"
STU-169,STU-192,0.948,"similar study habits, same university, same food preferences"
STU-169,STU-184,0.942,"similar study habits, same food preferences, share a common language"
STU-169,STU-180,0.86,"same university, similar cleanliness standards, share a common language"
STU-169,STU-190,0.852,"same university, similar study habits, same sleep schedule"
STU-171,STU-174,0.945,"similar study habits, same university, same food preferences"
STU-171,STU-198,0.941,"similar study habits, same food preferences, similar cleanliness standards"
STU-171,STU-178,0.938,"same university, similar study habits, share a common language"
STU-171,STU-187,0.917,"similar study habits, same university, same food preferences"
STU-171,STU-172,0.911,"same university, similar study habits, share a common language"
STU-172,STU-192,0.887,"same university, similar study habits, same food preferences"
STU-172,STU-184,0.873,"similar study habits, same food preferences, share a common language"
STU-172,STU-178,0.869,"same university, similar cleanliness standards, similar study habits"
STU-172,STU-199,0.835,"similar study habits, compatible noise levels, share a common language"
STU-172,STU-174,0.831,"same university, similar study habits, share a common language"
STU-173,STU-178,0.835,"same university, share a common language, same sleep schedule"
STU-173,STU-191,0.808,"similar study habits, share a common language, same sleep schedule"
STU-173,STU-198,0.789,"similar cleanliness standards, similar study habits, same sleep schedule"
STU-173,STU-199,0.761,"share a common language, compatible noise levels, same sleep schedule"
STU-173,STU-187,0.709,"same university, share a common language, same sleep schedule"
STU-174,STU-187,0.932,"similar study habits, same university, same sleep schedule"
STU-174,STU-199,0.928,"similar study habits, same sleep schedule, same cultural background"
STU-174,STU-178,0.898,"same university, similar study habits, same sleep schedule"
STU-174,STU-181,0.89,"same university, similar study habits, same sleep schedule"
STU-174,STU-182,0.881,"same university, similar study habits, same sleep schedule"
STU-175,STU-195,0.909,"similar cleanliness standards, similar study habits, same sleep schedule"
STU-175,STU-180,0.865,"same university, similar study habits, share a common language"
STU-175,STU-193,0.777,"same university, share a common language, same sleep schedule"
STU-175,STU-190,0.747,"same university, share a common language, same sleep schedule"
STU-175,STU-186,0.745,"similar study habits, same sleep schedule, share a common language"
STU-176,STU-181,0.895,"share a common language, compatible noise levels, same sleep schedule"
STU-176,STU-187,0.856,"similar study habits, same sleep schedule, share a common language"
STU-176,STU-199,0.824,"same university, similar study habits, same sleep schedule"
STU-176,STU-178,0.801,"similar study habits, same sleep schedule, share a common language"
STU-176,STU-182,0.799,"similar study habits, compatible noise levels, same sleep schedule"
STU-178,STU-187,0.95,"same university, similar study habits, similar cleanliness standards"
STU-178,STU-199,0.919,"similar study habits, same food preferences, share a common language"
STU-178,STU-181,0.908,"same university, similar study habits, similar cleanliness standards"
STU-178,STU-190,0.86,"same university, similar study habits, compatible noise levels"
STU-178,STU-192,0.814,"same university, similar study habits, share a common language"
STU-180,STU-186,0.88,"similar cleanliness standards, similar study habits, same sleep schedule"
STU-180,STU-193,0.847,"same university, similar study habits, same sleep schedule"
STU-180,STU-195,0.836,"same cultural background, similar study habits, same sleep schedule"
STU-180,STU-184,0.819,"share a common language, compatible noise levels, same sleep schedule"
STU-180,STU-190,0.812,"same university, share a common language, same sleep schedule"
STU-181,STU-199,0.838,"similar study habits, same sleep schedule, share a common language"
STU-181,STU-187,0.834,"same university, similar cleanliness standards, share a common language"
STU-181,STU-182,0.811,"same university, similar study habits, share a common language"
STU-181,STU-192,0.804,"same university, similar study habits, compatible noise levels"
STU-181,STU-190,0.772,"same university, similar study habits, share a common language"
STU-182,STU-187,0.943,"same university, similar study habits, same sleep schedule"
STU-182,STU-192,0.93,"similar study habits, same university, same food preferences"
STU-182,STU-193,0.846,"same university, similar study habits, compatible noise levels"
STU-182,STU-198,0.799,"share a common language, same sleep schedule, same food preferences"
STU-182,STU-186,0.788,"similar cleanliness standards, similar study habits, same cultural background"
STU-184,STU-199,0.882,"similar study habits, compatible noise levels, same cultural background"
STU-184,STU-192,0.851,"similar study habits, share a common language, same sleep schedule"
STU-184,STU-190,0.845,"similar cleanliness standards, similar study habits, same sleep schedule"
STU-184,STU-186,0.828,"same cultural background, same sleep schedule, same food preferences"
STU-184,STU-187,0.79,"similar study habits, same cultural background, same food preferences"
STU-186,STU-195,0.863,"similar study habits, compatible noise levels, same sleep schedule"
STU-186,STU-187,0.85,"similar study habits, compatible noise levels, same cultural background"
STU-186,STU-190,0.837,"share a common language, compatible noise levels, same sleep schedule"
STU-186,STU-192,0.815,"similar cleanliness standards, share a common language, same sleep schedule"
STU-186,STU-193,0.802,"similar study habits, same sleep schedule, share a common language"
STU-187,STU-192,0.875,"same university, similar study habits, share a common language"
STU-187,STU-190,0.825,"same university, similar study habits, compatible noise levels"
STU-187,STU-199,0.818,"similar study habits, same sleep schedule, same cultural background"
STU-187,STU-198,0.77,"share a common language, compatible noise levels, same sleep schedule"
STU-187,STU-193,0.753,"same university, similar study habits, compatible noise levels"
STU-190,STU-193,0.928,"similar study habits, same university, same food preferences"
STU-190,STU-192,0.888,"same university, similar study habits, same sleep schedule"
STU-190,STU-199,0.753,"similar study habits, share a common language"
STU-190,STU-195,0.745,"share a common language, compatible noise levels, same sleep schedule"
STU-190,STU-191,0.67,"similar cleanliness standards, share a common language, compatible noise levels"
STU-191,STU-198,0.882,"same university, share a common language, compatible noise levels"
STU-191,STU-199,0.736,"same cultural background, same sleep schedule, same food preferences"
STU-191,STU-193,0.645,"similar cleanliness standards, share a common language"
STU-191,STU-192,0.621,share a common language
STU-191,STU-195,0.425,"share a common language, same food preferences"
STU-192,STU-193,0.853,"same university, similar study habits, share a common language"
STU-192,STU-199,0.747,"similar cleanliness standards, similar study habits, share a common language"
STU-192,STU-198,0.739,"same cultural background, same food preferences"
STU-192,STU-195,0.683,"share a common language, same sleep schedule"
STU-193,STU-195,0.695,"share a common language, same sleep schedule"
STU-193,STU-199,0.631,share a common language
STU-193,STU-198,0.618,share a common language
STU-195,STU-199,0.667,"share a common language, compatible noise levels, same food preferences"
STU-195,STU-198,0.508,share a common language
STU-198,STU-199,0.744,"similar study habits, same sleep schedule, share a common language"
STU-001,STU-156,0.949,"similar study habits, same university, same food preferences"
STU-001,STU-118,0.942,"similar study habits, same university, similar cleanliness standards"
STU-001,STU-153,0.941,"same university, similar study habits, similar cleanliness standards"
STU-001,STU-121,0.94,"same university, similar study habits, same sleep schedule"
STU-001,STU-132,0.92,"same university, same food preferences, similar cleanliness standards"
STU-003,STU-125,0.974,"same university, similar study habits, same sleep schedule"
STU-003,STU-168,0.972,"similar study habits, same university, similar cleanliness standards"
STU-003,STU-076,0.954,"same university, same food preferences, similar cleanliness standards"
STU-003,STU-153,0.946,"similar study habits, same university, same food preferences"
STU-003,STU-143,0.944,"same university, similar study habits, same food preferences"
STU-005,STU-113,0.966,"same university, similar study habits, same sleep schedule"
STU-005,STU-033,0.964,"similar study habits, same university, same food preferences"
STU-005,STU-028,0.963,"similar study habits, same university, same sleep schedule"
STU-005,STU-151,0.938,"same university, similar study habits, share a common language"
STU-005,STU-177,0.925,"same university, same food preferences, similar cleanliness standards"
STU-009,STU-166,1.0,"same university, similar study habits, share a common language"
STU-009,STU-068,0.944,"similar study habits, compatible noise levels, same sleep schedule"
STU-009,STU-113,0.926,"similar study habits, compatible noise levels, same sleep schedule"
STU-009,STU-096,0.925,"similar study habits, same food preferences, share a common language"
STU-009,STU-051,0.922,"similar study habits, same food preferences, share a common language"
STU-010,STU-189,0.962,"similar study habits, same university, same food preferences"
STU-010,STU-079,0.958,"similar study habits, same university, same food preferences"
STU-010,STU-020,0.93,"same university, similar study habits, share a common language"
STU-010,STU-170,0.926,"same university, similar study habits, share a common language"
STU-010,STU-137,0.922,"similar study habits, same university, similar cleanliness standards"
STU-012,STU-133,0.954,"similar study habits, same university, same sleep schedule"
STU-012,STU-122,0.94,"similar study habits, similar cleanliness standards, share a common language"
STU-012,STU-020,0.936,"similar study habits, similar cleanliness standards, share a common language"
STU-012,STU-090,0.936,"similar study habits, same food preferences, similar cleanliness standards"
STU-012,STU-029,0.927,"similar study habits, compatible noise levels, same sleep schedule"
STU-016,STU-118,1.0,"similar study habits, same food preferences, similar cleanliness standards"
STU-016,STU-160,0.909,"similar study habits, share a common language, same sleep schedule"
STU-016,STU-153,0.905,"similar study habits, same food preferences, similar cleanliness standards"
STU-016,STU-106,0.903,"similar study habits, compatible noise levels, share a common language"
STU-016,STU-185,0.863,"same university, similar study habits, same food preferences"
STU-018,STU-066,1.0,"same university, similar study habits, same sleep schedule"
STU-018,STU-074,1.0,"similar study habits, same university, similar cleanliness standards"
STU-018,STU-134,1.0,"similar study habits, same university, same food preferences"
STU-018,STU-087,0.999,"similar study habits, same university, same food preferences"
STU-018,STU-084,0.971,"similar study habits, same university, same sleep schedule"
STU-019,STU-113,0.956,"same university, similar study habits, similar cleanliness standards"
STU-019,STU-102,0.955,"similar study habits, same university, same food preferences"
STU-019,STU-196,0.945,"same university, similar study habits, share a common language"
STU-019,STU-146,0.943,"same university, similar study habits, share a common language"
STU-019,STU-109,0.943,"same university, similar study habits, same sleep schedule"
STU-020,STU-122,1.0,"similar study habits, same university, same food preferences"
STU-020,STU-170,1.0,"similar study habits, same university, same sleep schedule"
STU-020,STU-150,0.998,"similar study habits, same university, same sleep schedule"
STU-020,STU-029,0.994,"similar study habits, same university, same food preferences"
STU-020,STU-025,0.988,"similar study habits, similar cleanliness standards, same cultural background"
STU-023,STU-117,0.924,"similar study habits, same food preferences, similar cleanliness standards"
STU-023,STU-067,0.921,"similar study habits, same food preferences, share a common language"
STU-023,STU-188,0.92,"same university, similar cleanliness standards, share a common language"
STU-023,STU-030,0.911,"similar study habits, compatible noise levels, same sleep schedule"
STU-023,STU-179,0.904,"similar study habits, same food preferences, share a common language"
STU-025,STU-122,0.977,"similar study habits, similar cleanliness standards, same cultural background"
STU-025,STU-054,0.946,"similar study habits, same food preferences, similar cleanliness standards"
STU-025,STU-170,0.944,"similar study habits, compatible noise levels, same sleep schedule"
STU-025,STU-137,0.925,"similar study habits, same food preferences, share a common language"
STU-025,STU-050,0.921,"same cultural background, compatible noise levels, same sleep schedule"
STU-028,STU-113,0.998,"similar study habits, same university, same sleep schedule"
STU-028,STU-076,0.956,"similar study habits, same university, same food preferences"
STU-028,STU-068,0.932,"similar study habits, same food preferences, similar cleanliness standards"
STU-028,STU-033,0.915,"same university, similar study habits, same food preferences"
STU-028,STU-166,0.907,"similar study habits, same food preferences, similar cleanliness standards"
STU-029,STU-122,0.998,"similar study habits, same university, same food preferences"
STU-029,STU-124,0.972,"similar study habits, same university, same food preferences"
STU-029,STU-117,0.964,"same university, similar study habits, same sleep schedule"
STU-029,STU-150,0.942,"similar study habits, same university, same food preferences"
STU-029,STU-074,0.92,"similar study habits, same university, same food preferences"
STU-030,STU-194,0.992,"similar study habits, same university, same sleep schedule"
STU-030,STU-117,0.98,"same university, similar study habits, share a common language"
STU-030,STU-138,0.976,"similar study habits, same university, same food preferences"
STU-030,STU-145,0.961,"similar study habits, same university, same food preferences"
STU-030,STU-179,0.953,"similar study habits, same university, similar cleanliness standards"
STU-033,STU-047,1.0,"similar study habits, same university, same food preferences"
STU-033,STU-146,0.986,"similar study habits, same university, same sleep schedule"
STU-033,STU-196,0.968,"similar study habits, same university, same food preferences"
STU-033,STU-177,0.967,"similar study habits, same university, same food preferences"
STU-033,STU-109,0.955,"similar study habits, same university, same food preferences"
STU-042,STU-194,0.912,"similar study habits, same university, similar cleanliness standards"
STU-042,STU-168,0.91,"same university, similar study habits, same cultural background"
STU-042,STU-095,0.909,"similar study habits, same university, same food preferences"
STU-042,STU-179,0.904,"same cultural background, same university, same sleep schedule"
STU-042,STU-145,0.901,"same university, share a common language, compatible noise levels"
STU-047,STU-146,0.976,"similar study habits, same university, same food preferences"
STU-047,STU-109,0.955,"similar study habits, same university, same food preferences"
STU-047,STU-196,0.949,"similar study habits, same university, same food preferences"
STU-047,STU-161,0.946,"same university, similar study habits, same food preferences"
STU-047,STU-103,0.928,"same university, same sleep schedule, same food preferences"
STU-050,STU-084,1.0,"similar study habits, same university, same food preferences"
STU-050,STU-170,1.0,"similar study habits, same university, similar cleanliness standards"
STU-050,STU-150,0.995,"same university, similar study habits, same cultural background"
STU-050,STU-200,0.96,"similar study habits, same university, same food preferences"
STU-050,STU-120,0.958,"similar study habits, same university, same food preferences"
STU-051,STU-151,0.992,"similar study habits, same university, same sleep schedule"
STU-051,STU-135,0.976,"similar study habits, same sleep schedule, same food preferences"
STU-051,STU-196,0.959,"same university, similar study habits, same sleep schedule"
STU-051,STU-102,0.954,"same university, similar study habits, same food preferences"
STU-051,STU-096,0.948,"similar study habits, same food preferences, similar cleanliness standards"
STU-053,STU-146,0.96,"similar study habits, compatible noise levels, same sleep schedule"
STU-053,STU-161,0.882,"similar cleanliness standards, similar study habits, same sleep schedule"
STU-053,STU-113,0.842,"similar study habits, same sleep schedule, share a common language"
STU-053,STU-159,0.838,"same university, similar study habits, same sleep schedule"
STU-053,STU-196,0.836,"similar study habits, same sleep schedule, share a common language"
STU-054,STU-170,0.918,"similar study habits, compatible noise levels, same sleep schedule"
STU-054,STU-122,0.911,"similar study habits, similar cleanliness standards, share a common language"
STU-054,STU-137,0.892,"similar study habits, share a common language, same sleep schedule"
STU-054,STU-138,0.885,"similar study habits, share a common language, same sleep schedule"
STU-054,STU-106,0.885,"same sleep schedule, same food preferences, similar cleanliness standards"
STU-057,STU-067,0.97,"similar study habits, same university, same sleep schedule"
STU-057,STU-074,0.932,"similar study habits, same sleep schedule, same food preferences"
STU-057,STU-084,0.924,"similar study habits, same sleep schedule, share a common language"
STU-057,STU-168,0.915,"similar study habits, same food preferences, similar cleanliness standards"
STU-057,STU-131,0.912,"similar study habits, same food preferences, share a common language"
STU-058,STU-151,1.0,"same university, similar study habits, similar cleanliness standards"
STU-058,STU-132,0.941,"same university, similar study habits, same sleep schedule"
STU-058,STU-135,0.903,"similar cleanliness standards, similar study habits, same sleep schedule"
STU-058,STU-076,0.887,"same university, similar study habits, same cultural background"
STU-058,STU-094,0.868,"similar study habits, compatible noise levels, same sleep schedule"
STU-059,STU-194,0.945,"similar study habits, same university, same sleep schedule"
STU-059,STU-145,0.935,"similar study habits, same university, same food preferences"
STU-059,STU-066,0.914,"similar study habits, same university, same food preferences"
STU-059,STU-134,0.9,"same university, similar study habits, same food preferences"
STU-059,STU-179,0.893,"same university, similar study habits, same sleep schedule"
STU-066,STU-134,1.0,"similar study habits, same university, same food preferences"
STU-066,STU-124,0.974,"similar study habits, same university, similar cleanliness standards"
STU-066,STU-074,0.958,"same university, similar study habits, same sleep schedule"
STU-066,STU-179,0.945,"same university, similar study habits, same cultural background"
STU-066,STU-138,0.939,"similar study habits, same university, same food preferences"
STU-067,STU-145,0.94,"similar study habits, similar cleanliness standards, share a common language"
STU-067,STU-080,0.932,"similar study habits, compatible noise levels, same sleep schedule"
STU-067,STU-124,0.917,"similar study habits, share a common language, same sleep schedule"
STU-067,STU-138,0.916,"similar cleanliness standards, similar study habits, same sleep schedule"
STU-067,STU-179,0.914,"similar study habits, same food preferences, similar cleanliness standards"
STU-068,STU-166,1.0,"similar study habits, same food preferences, similar cleanliness standards"
STU-068,STU-076,0.978,"similar study habits, same sleep schedule, same food preferences"
STU-068,STU-113,0.971,"similar study habits, same food preferences, similar cleanliness standards"
STU-068,STU-094,0.954,"similar study habits, same university, same food preferences"
STU-068,STU-109,0.924,"similar study habits, share a common language, same sleep schedule"
STU-071,STU-085,0.973,"similar study habits, same university, same sleep schedule"
STU-071,STU-106,0.93,"similar study habits, same sleep schedule, same food preferences"
STU-071,STU-185,0.904,"similar study habits, same food preferences, share a common language"
STU-071,STU-103,0.888,"similar study habits, same food preferences, similar cleanliness standards"
STU-071,STU-097,0.856,"similar cleanliness standards, similar study habits, same sleep schedule"
STU-072,STU-107,0.955,"same university, similar study habits, same food preferences"
STU-072,STU-082,0.954,"similar study habits, same university, similar cleanliness standards"
STU-072,STU-164,0.947,"same university, similar study habits, similar cleanliness standards"
STU-072,STU-157,0.946,"similar study habits, same sleep schedule, same food preferences"
STU-072,STU-156,0.93,"same university, similar study habits, same food preferences"
STU-074,STU-134,1.0,"similar study habits, same university, similar cleanliness standards"
STU-074,STU-090,0.972,"similar study habits, same university, similar cleanliness standards"
STU-074,STU-092,0.966,"similar study habits, same university, same food preferences"
STU-074,STU-150,0.963,"same university, similar study habits, same food preferences"
STU-074,STU-087,0.959,"same university, similar study habits, share a common language"
STU-076,STU-109,1.0,"similar study habits, same university, same food preferences"
STU-076,STU-155,0.983,"same university, similar study habits, same food preferences"
STU-076,STU-166,0.954,"similar study habits, same sleep schedule, same food preferences"
STU-076,STU-154,0.954,"similar study habits, same food preferences, similar cleanliness standards"
STU-076,STU-113,0.95,"same university, similar study habits, same food preferences"
STU-079,STU-170,0.994,"similar study habits, same university, similar cleanliness standards"
STU-079,STU-189,0.988,"similar study habits, same university, same food preferences"
STU-079,STU-122,0.945,"same university, similar study habits, same sleep schedule"
STU-079,STU-090,0.921,"same university, similar study habits, same food preferences"
STU-079,STU-179,0.91,"same university, similar study habits, similar cleanliness standards"
STU-080,STU-117,0.977,"similar study habits, same university, similar cleanliness standards"
STU-080,STU-189,0.951,"same university, similar study habits, same food preferences"
STU-080,STU-090,0.927,"same university, similar study habits, same food preferences"
STU-080,STU-188,0.923,"similar study habits, same food preferences, similar cleanliness standards"
STU-080,STU-179,0.923,"same university, similar study habits, share a common language"
STU-082,STU-155,0.962,"similar study habits, same university, same food preferences"
STU-082,STU-177,0.945,"same university, similar study habits, same food preferences"
STU-082,STU-107,0.929,"same university, similar study habits, share a common language"
STU-082,STU-183,0.911,"same university, similar study habits, same food preferences"
STU-082,STU-156,0.905,"same university, similar study habits, same sleep schedule"
STU-084,STU-087,0.992,"similar study habits, same university, same food preferences"
STU-084,STU-137,0.986,"same university, same food preferences, similar cleanliness standards"
STU-084,STU-200,0.967,"similar study habits, same university, same food preferences"
STU-084,STU-095,0.95,"similar study habits, same university, similar cleanliness standards"
STU-084,STU-090,0.94,"same university, similar study habits, same cultural background"
STU-085,STU-120,0.96,"similar study habits, same food preferences, similar cleanliness standards"
STU-085,STU-106,0.953,"similar study habits, same food preferences, similar cleanliness standards"
STU-085,STU-200,0.944,"similar study habits, same food preferences, similar cleanliness standards"
STU-085,STU-164,0.919,"similar study habits, similar cleanliness standards, share a common language"
STU-085,STU-185,0.893,"similar study habits, same food preferences, share a common language"
STU-087,STU-092,1.0,"similar study habits, same university, similar cleanliness standards"
STU-087,STU-095,0.967,"similar study habits, same university, similar cleanliness standards"
STU-087,STU-134,0.963,"same university, similar study habits, same food preferences"
STU-087,STU-137,0.946,"similar study habits, same university, same food preferences"
STU-087,STU-200,0.942,"similar study habits, same university, same sleep schedule"
STU-090,STU-189,1.0,"similar study habits, same university, same sleep schedule"
STU-090,STU-150,0.998,"same university, similar study habits, share a common language"
STU-090,STU-122,0.986,"similar study habits, same university, similar cleanliness standards"
STU-090,STU-170,0.967,"same university, similar study habits, share a common language"
STU-090,STU-124,0.91,"same university, similar study habits, same sleep schedule"
STU-092,STU-095,1.0,"similar study habits, same university, same food preferences"
STU-092,STU-179,0.943,"same university, similar study habits, same food preferences"
STU-092,STU-188,0.917,"similar cleanliness standards, similar study habits, same sleep schedule"
STU-092,STU-137,0.912,"similar study habits, same university, similar cleanliness standards"
STU-092,STU-134,0.91,"same university, similar study habits, same sleep schedule"
STU-094,STU-166,0.935,"similar study habits, same food preferences, share a common language"
STU-094,STU-113,0.874,"similar study habits, share a common language, same sleep schedule"
STU-094,STU-132,0.868,"similar cleanliness standards, similar study habits, same sleep schedule"
STU-094,STU-151,0.866,"similar study habits, same sleep schedule, share a common language"
STU-094,STU-154,0.865,"share a common language, compatible noise levels, same sleep schedule"
STU-095,STU-117,0.909,"same university, same food preferences, similar cleanliness standards"
STU-095,STU-194,0.907,"same university, similar study habits, similar cleanliness standards"
STU-095,STU-200,0.889,"same university, similar study habits, share a common language"
STU-095,STU-097,0.881,"same university, similar cleanliness standards, share a common language"
STU-095,STU-179,0.879,"same university, similar study habits, same food preferences"
STU-096,STU-166,0.919,"similar cleanliness standards, similar study habits, same sleep schedule"
STU-096,STU-113,0.918,"similar study habits, similar cleanliness standards, share a common language"
STU-096,STU-135,0.907,"similar study habits, same food preferences, share a common language"
STU-096,STU-151,0.896,"similar study habits, same food preferences, share a common language"
STU-096,STU-159,0.889,"similar study habits, same sleep schedule, share a common language"
STU-097,STU-107,1.0,"similar study habits, same university, same food preferences"
STU-097,STU-142,0.962,"similar study habits, same university, same food preferences"
STU-097,STU-156,0.908,"similar study habits, same university, same food preferences"
STU-097,STU-119,0.894,"similar study habits, same food preferences, similar cleanliness standards"
STU-097,STU-164,0.892,"same university, similar study habits, share a common language"
STU-098,STU-154,0.974,"similar study habits, same food preferences, share a common language"
STU-098,STU-125,0.91,"similar study habits, same sleep schedule, same food preferences"
STU-098,STU-143,0.908,"same food preferences, similar cleanliness standards, share a common language"
STU-098,STU-161,0.885,"similar study habits, same sleep schedule, same food preferences"
STU-098,STU-177,0.88,"similar study habits, share a common language, same sleep schedule"
STU-102,STU-196,0.945,"same university, similar study habits, same sleep schedule"
STU-102,STU-132,0.9,"same university, similar study habits, similar cleanliness standards"
STU-102,STU-159,0.887,"similar study habits, same sleep schedule, share a common language"
STU-102,STU-135,0.879,"similar study habits, share a common language, same sleep schedule"
STU-102,STU-146,0.869,"same university, similar study habits, share a common language"
STU-103,STU-125,0.948,"similar study habits, same university, same food preferences"
STU-103,STU-177,0.903,"same university, similar study habits, same food preferences"
STU-103,STU-121,0.899,"same university, similar study habits, similar cleanliness standards"
STU-103,STU-161,0.892,"same university, same food preferences, similar cleanliness standards"
STU-103,STU-185,0.872,"similar study habits, compatible noise levels, same cultural background"
STU-106,STU-120,1.0,"similar study habits, same university, same food preferences"
STU-106,STU-200,0.942,"similar study habits, same university, same food preferences"
STU-106,STU-118,0.937,"same university, similar study habits, same food preferences"
STU-106,STU-164,0.917,"same university, similar study habits, similar cleanliness standards"
STU-106,STU-131,0.9,"same university, similar study habits, similar cleanliness standards"
STU-107,STU-142,0.94,"similar study habits, same university, same food preferences"
STU-107,STU-156,0.927,"similar study habits, same university, same food preferences"
STU-107,STU-121,0.898,"same university, similar study habits, similar cleanliness standards"
STU-107,STU-177,0.863,"same university, similar study habits, compatible noise levels"
STU-107,STU-164,0.862,"same university, similar study habits, same sleep schedule"
STU-109,STU-161,0.982,"similar study habits, same university, same food preferences"
STU-109,STU-113,0.974,"similar study habits, same university, same food preferences"
STU-109,STU-196,0.953,"similar study habits, same university, same food preferences"
STU-109,STU-177,0.942,"similar study habits, same university, same food preferences"
STU-109,STU-146,0.921,"similar study habits, same university, same food preferences"
STU-112,STU-139,0.917,"similar study habits, same food preferences, share a common language"
STU-112,STU-154,0.916,"similar study habits, compatible noise levels, same sleep schedule"
STU-112,STU-155,0.915,"same university, similar study habits, similar cleanliness standards"
STU-112,STU-153,0.902,"same university, similar study habits, share a common language"
STU-112,STU-121,0.896,"same university, similar study habits, same food preferences"
STU-113,STU-166,0.964,"similar study habits, same food preferences, similar cleanliness standards"
STU-113,STU-196,0.948,"same university, similar study habits, same food preferences"
STU-113,STU-146,0.945,"same university, similar study habits, same food preferences"
STU-113,STU-161,0.911,"same university, similar study habits, same food preferences"
STU-113,STU-132,0.909,"same university, similar study habits, share a common language"
STU-117,STU-133,0.964,"similar study habits, similar cleanliness standards, share a common language"
STU-117,STU-138,0.961,"same university, similar study habits, share a common language"
STU-117,STU-137,0.954,"same university, similar study habits, similar cleanliness standards"
STU-117,STU-124,0.95,"similar study habits, same university, same food preferences"
STU-117,STU-122,0.928,"same university, similar study habits, same food preferences"
STU-118,STU-153,0.996,"similar study habits, same university, same sleep schedule"
STU-118,STU-160,0.942,"same cultural background, similar study habits, same sleep schedule"
STU-118,STU-125,0.926,"same university, similar study habits, same food preferences"
STU-118,STU-120,0.905,"same university, similar study habits, same food preferences"
STU-118,STU-121,0.902,"same university, similar study habits, same sleep schedule"
STU-119,STU-121,0.954,"similar study habits, similar cleanliness standards, same cultural background"
STU-119,STU-160,0.928,"same university, similar study habits, same cultural background"
STU-119,STU-135,0.907,"same university, similar cleanliness standards, share a common language"
STU-119,STU-125,0.87,"similar study habits, similar cleanliness standards, share a common language"
STU-119,STU-142,0.846,"similar cleanliness standards, similar study habits, share a common language"
STU-120,STU-200,1.0,"similar study habits, same university, same food preferences"
STU-120,STU-131,0.972,"same university, similar study habits, similar cleanliness standards"
STU-120,STU-164,0.965,"similar study habits, same university, similar cleanliness standards"
STU-120,STU-185,0.914,"similar study habits, same sleep schedule, same food preferences"
STU-120,STU-150,0.905,"same university, share a common language, compatible noise levels"
STU-121,STU-125,1.0,"similar study habits, same university, similar cleanliness standards"
STU-121,STU-153,0.961,"same university, similar study habits, same cultural background"
STU-121,STU-177,0.929,"same university, similar study habits, share a common language"
STU-121,STU-161,0.906,"similar study habits, same university, similar cleanliness standards"
STU-121,STU-143,0.905,"same university, similar study habits, similar cleanliness standards"
STU-122,STU-170,1.0,"similar study habits, same university, same sleep schedule"
STU-122,STU-150,0.994,"similar study habits, same university, same sleep schedule"
STU-122,STU-124,0.991,"same university, similar study habits, same food preferences"
STU-122,STU-137,0.988,"same university, similar study habits, share a common language"
STU-122,STU-138,0.982,"same university, similar study habits, same sleep schedule"
STU-124,STU-138,0.999,"same university, similar study habits, same cultural background"
STU-124,STU-150,0.943,"similar study habits, same university, same food preferences"
STU-124,STU-134,0.938,"same university, similar study habits, same cultural background"
STU-124,STU-145,0.924,"same university, similar study habits, same sleep schedule"
STU-124,STU-137,0.918,"same university, similar study habits, same sleep schedule"
STU-125,STU-153,0.971,"similar study habits, same university, same food preferences"
STU-125,STU-143,0.948,"similar study habits, same university, same food preferences"
STU-125,STU-161,0.948,"similar study habits, same university, same food preferences"
STU-125,STU-177,0.94,"similar study habits, same university, same food preferences"
STU-125,STU-160,0.928,"similar study habits, same food preferences, share a common language"
STU-131,STU-164,0.948,"similar study habits, same university, same food preferences"
STU-131,STU-200,0.94,"same university, similar study habits, similar cleanliness standards"
STU-131,STU-168,0.924,"same university, similar study habits, same food preferences"
STU-131,STU-155,0.92,"same university, similar cleanliness standards, share a common language"
STU-131,STU-197,0.919,"same university, similar study habits, same sleep schedule"
STU-132,STU-151,0.914,"same university, similar study habits, same cultural background"
STU-132,STU-156,0.906,"similar study habits, same university, same food preferences"
STU-132,STU-196,0.885,"same university, similar study habits, same sleep schedule"
STU-132,STU-157,0.879,"similar study habits, same food preferences, similar cleanliness standards"
STU-132,STU-135,0.864,"similar study habits, compatible noise levels, same sleep schedule"
STU-133,STU-188,0.923,"similar study habits, same food preferences, similar cleanliness standards"
STU-133,STU-189,0.901,"same cultural background, similar study habits, same sleep schedule"
STU-133,STU-179,0.882,"similar study habits, same sleep schedule, same cultural background"
STU-133,STU-138,0.87,"similar study habits, compatible noise levels, same sleep schedule"
STU-133,STU-137,0.866,"similar cleanliness standards, similar study habits, same sleep schedule"
STU-134,STU-138,0.962,"similar study habits, same university, same sleep schedule"
STU-134,STU-194,0.916,"same university, similar study habits, same food preferences"
STU-134,STU-179,0.908,"same university, similar study habits, share a common language"
STU-134,STU-150,0.907,"same university, similar study habits, same sleep schedule"
STU-134,STU-200,0.905,"similar study habits, same university, same food preferences"
STU-135,STU-151,0.967,"similar study habits, same food preferences, similar cleanliness standards"
STU-135,STU-159,0.934,"similar study habits, same sleep schedule, same cultural background"
STU-135,STU-196,0.934,"similar study habits, same sleep schedule, same cultural background"
STU-135,STU-166,0.882,"similar study habits, same sleep schedule, same cultural background"
STU-135,STU-160,0.805,"same university, share a common language, compatible noise levels"
STU-137,STU-138,1.0,"same university, similar study habits, same food preferences"
STU-137,STU-170,0.965,"same university, similar study habits, same sleep schedule"
STU-137,STU-189,0.937,"same university, similar study habits, share a common language"
STU-137,STU-145,0.901,"same university, similar study habits, same food preferences"
STU-137,STU-150,0.89,"same university, similar study habits, share a common language"
STU-138,STU-145,0.983,"similar study habits, same university, same sleep schedule"
STU-138,STU-170,0.958,"same university, similar study habits, similar cleanliness standards"
STU-138,STU-189,0.93,"same university, similar study habits, similar cleanliness standards"
STU-138,STU-179,0.9,"same university, similar study habits, similar cleanliness standards"
STU-138,STU-150,0.884,"same university, similar study habits, same sleep schedule"
STU-139,STU-154,0.926,"same university, similar study habits, share a common language"
STU-139,STU-155,0.903,"similar study habits, compatible noise levels, same cultural background"
STU-139,STU-166,0.879,"similar study habits, same sleep schedule, same cultural background"
STU-139,STU-197,0.879,"similar cleanliness standards, similar study habits, compatible noise levels"
STU-139,STU-183,0.858,"similar cleanliness standards, similar study habits, compatible noise levels"
STU-142,STU-164,0.962,"same university, similar study habits, same cultural background"
STU-142,STU-156,0.939,"similar study habits, same university, same food preferences"
STU-142,STU-161,0.898,"same university, similar study habits, similar cleanliness standards"
STU-142,STU-155,0.876,"same university, similar study habits, same sleep schedule"
STU-142,STU-157,0.862,"same cultural background, similar study habits, same sleep schedule"
STU-143,STU-168,0.913,"same university, similar study habits, same sleep schedule"
STU-143,STU-194,0.9,"similar study habits, same university, same food preferences"
STU-143,STU-153,0.895,"same university, similar study habits, same food preferences"
STU-143,STU-154,0.859,"share a common language, compatible noise levels, same sleep schedule"
STU-143,STU-160,0.856,"similar study habits, share a common language, same sleep schedule"
STU-145,STU-179,0.969,"similar study habits, same university, similar cleanliness standards"
STU-145,STU-194,0.892,"similar study habits, same university, same food preferences"
STU-145,STU-170,0.857,"same university, similar study habits, similar cleanliness standards"
STU-145,STU-189,0.829,"same university, similar study habits, similar cleanliness standards"
STU-145,STU-200,0.817,"same university, share a common language, same sleep schedule"
STU-146,STU-196,0.964,"similar study habits, same university, same sleep schedule"
STU-146,STU-161,0.927,"same university, similar study habits, same food preferences"
STU-146,STU-159,0.866,"similar study habits, same sleep schedule, same food preferences"
STU-146,STU-177,0.853,"same university, same food preferences, similar cleanliness standards"
STU-146,STU-166,0.844,"same cultural background, similar study habits, same sleep schedule"
STU-150,STU-170,1.0,"similar study habits, same university, same sleep schedule"
STU-150,STU-189,0.959,"same university, similar study habits, share a common language"
STU-150,STU-200,0.907,"same university, similar study habits, share a common language"
STU-150,STU-164,0.855,"same university, same food preferences, share a common language"
STU-150,STU-168,0.814,"same university, similar study habits, share a common language"
STU-151,STU-196,0.901,"same university, similar study habits, same sleep schedule"
STU-151,STU-166,0.893,"similar study habits, compatible noise levels, same sleep schedule"
STU-151,STU-159,0.883,"similar study habits, same sleep schedule, same cultural background"
STU-151,STU-154,0.83,"share a common language, compatible noise levels, same sleep schedule"
STU-151,STU-177,0.814,"same university, share a common language, compatible noise levels"
STU-153,STU-183,0.936,"same university, similar study habits, same food preferences"
STU-153,STU-177,0.936,"similar study habits, same university, same food preferences"
STU-153,STU-154,0.908,"similar study habits, same sleep schedule, same food preferences"
STU-153,STU-160,0.898,"same cultural background, similar study habits, same sleep schedule"
STU-153,STU-197,0.89,"same university, similar study habits, same food preferences"
STU-154,STU-177,0.923,"similar study habits, same food preferences, similar cleanliness standards"
STU-154,STU-155,0.881,"similar study habits, compatible noise levels, share a common language"
STU-154,STU-161,0.862,"similar study habits, share a common language, same sleep schedule"
STU-154,STU-166,0.857,"share a common language, compatible noise levels, same sleep schedule"
STU-154,STU-160,0.856,"same cultural background, similar cleanliness standards, same sleep schedule"
STU-155,STU-197,0.994,"similar study habits, same university, same food preferences"
STU-155,STU-183,0.969,"similar study habits, same university, same sleep schedule"
STU-155,STU-164,0.922,"same university, similar study habits, similar cleanliness standards"
STU-155,STU-166,0.887,"similar study habits, same food preferences, similar cleanliness standards"
STU-155,STU-157,0.884,"similar study habits, compatible noise levels, same sleep schedule"
STU-156,STU-157,0.972,"similar study habits, same food preferences, similar cleanliness standards"
STU-156,STU-164,0.916,"same university, similar study habits, share a common language"
STU-156,STU-183,0.888,"same university, similar study habits, similar cleanliness standards"
STU-156,STU-197,0.857,"same university, similar study habits, similar cleanliness standards"
STU-156,STU-185,0.857,"similar study habits, compatible noise levels, same sleep schedule"
STU-157,STU-183,0.915,"similar cleanliness standards, similar study habits, same sleep schedule"
STU-157,STU-197,0.86,"similar cleanliness standards, similar study habits, same sleep schedule"
STU-157,STU-164,0.838,"similar study habits, same sleep schedule, same cultural background"
STU-157,STU-185,0.829,"same university, similar study habits, same sleep schedule"
STU-157,STU-166,0.786,"same university, compatible noise levels, same cultural background"
STU-159,STU-196,1.0,"similar study habits, same food preferences, similar cleanliness standards"
STU-159,STU-166,0.876,"same cultural background, similar study habits, same sleep schedule"
STU-159,STU-161,0.816,"share a common language, compatible noise levels, same sleep schedule"
STU-159,STU-160,0.775,"same food preferences, similar cleanliness standards, share a common language"
STU-159,STU-177,0.736,"similar cleanliness standards, share a common language, same sleep schedule"
STU-160,STU-168,0.862,"similar cleanliness standards, similar study habits, same sleep schedule"
STU-160,STU-177,0.842,"similar study habits, same food preferences, similar cleanliness standards"
STU-160,STU-161,0.824,"share a common language, compatible noise levels, same sleep schedule"
STU-160,STU-196,0.823,"same food preferences, similar cleanliness standards, share a common language"
STU-160,STU-200,0.82,"similar study habits, compatible noise levels, share a common language"
STU-161,STU-177,0.92,"same university, similar study habits, same food preferences"
STU-161,STU-196,0.914,"similar study habits, same university, same food preferences"
STU-161,STU-164,0.874,"same university, similar study habits, compatible noise levels"
STU-161,STU-185,0.83,"similar study habits, compatible noise levels, share a common language"
STU-161,STU-200,0.822,"same university, share a common language, compatible noise levels"
STU-164,STU-200,0.96,"same university, similar cleanliness standards, share a common language"
STU-164,STU-185,0.921,"similar study habits, compatible noise levels, same sleep schedule"
STU-164,STU-197,0.896,"same university, similar study habits, same sleep schedule"
STU-164,STU-183,0.887,"same university, similar study habits, same sleep schedule"
STU-164,STU-177,0.826,"same university, similar study habits, share a common language"
STU-166,STU-196,0.9,"same cultural background, similar study habits, same sleep schedule"
STU-166,STU-197,0.78,"share a common language, compatible noise levels, same food preferences"
STU-166,STU-177,0.773,"share a common language, compatible noise levels, same sleep schedule"
STU-166,STU-183,0.756,"compatible noise levels, same cultural background, same food preferences"
STU-166,STU-168,0.744,"compatible noise levels, same sleep schedule, same cultural background"
STU-168,STU-200,0.852,"same university, similar study habits, share a common language"
STU-168,STU-194,0.849,"same university, similar study habits, share a common language"
STU-168,STU-179,0.846,"same university, same food preferences, similar cleanliness standards"
STU-168,STU-189,0.832,"same university, similar cleanliness standards, similar study habits"
STU-168,STU-170,0.825,"same university, similar study habits, same food preferences"
STU-170,STU-189,1.0,"similar study habits, same university, similar cleanliness standards"
STU-170,STU-179,0.883,"similar study habits, same university, same food preferences"
STU-170,STU-200,0.868,"same university, share a common language, same sleep schedule"
STU-170,STU-194,0.823,"same university, similar study habits, same sleep schedule"
STU-170,STU-188,0.816,"similar study habits, same sleep schedule, share a common language"
STU-177,STU-185,0.862,"similar cleanliness standards, similar study habits, share a common language"
STU-177,STU-183,0.845,"same university, similar study habits, share a common language"
STU-177,STU-197,0.839,"same university, similar study habits, same cultural background"
STU-177,STU-196,0.834,"same university, same food preferences, similar cleanliness standards"
STU-177,STU-200,0.773,"same university, share a common language, same food preferences"
STU-179,STU-189,0.89,"same university, similar study habits, similar cleanliness standards"
STU-179,STU-188,0.876,"similar study habits, same sleep schedule, same cultural background"
STU-179,STU-194,0.853,"same university, similar study habits, share a common language"
STU-179,STU-200,0.783,"same university, share a common language, same sleep schedule"
STU-179,STU-183,0.752,"same university, compatible noise levels, same sleep schedule"
STU-183,STU-197,1.0,"similar study habits, same university, same food preferences"
STU-183,STU-185,0.848,"similar study habits, share a common language, same sleep schedule"
STU-183,STU-194,0.819,"same university, same food preferences, share a common language"
STU-183,STU-200,0.81,"same university, share a common language, same sleep schedule"
STU-183,STU-196,0.719,"same university, same cultural background, same food preferences"
STU-185,STU-200,0.891,"same cultural background, compatible noise levels, same sleep schedule"
STU-185,STU-197,0.802,"similar study habits, share a common language, same sleep schedule"
STU-185,STU-196,0.765,"similar cleanliness standards, share a common language, compatible noise levels"
STU-185,STU-188,0.713,"share a common language, same sleep schedule"
STU-185,STU-194,0.706,"share a common language, same sleep schedule, same food preferences"
STU-188,STU-189,0.884,"same cultural background, similar study habits, same sleep schedule"
STU-188,STU-194,0.847,"similar cleanliness standards, similar study habits, same sleep schedule"
STU-188,STU-200,0.742,"similar study habits, same sleep schedule, share a common language"
STU-188,STU-197,0.624,"share a common language, same sleep schedule"
STU-188,STU-196,0.516,same cultural background
STU-189,STU-200,0.84,"same university, share a common language, compatible noise levels"
STU-189,STU-194,0.77,"same university, similar study habits, same sleep schedule"
STU-189,STU-197,0.638,"same university, share a common language, same sleep schedule"
STU-189,STU-196,0.576,"similar cleanliness standards, same university, compatible noise levels"
STU-194,STU-200,0.826,"same university, similar study habits, same food preferences"
STU-194,STU-197,0.813,"same university, same food preferences, share a common language"
STU-194,STU-196,0.614,"same university, share a common language, same food preferences"
STU-196,STU-200,0.714,"same university, share a common language, compatible noise levels"
STU-196,STU-197,0.704,"same university, share a common language, same food preferences"
STU-197,STU-200,0.843,"same university, share a common language, same sleep schedule"
